{{;;;
0000;НАИМЕНОВАНИЕ_ОШИБКИ;ПРИЧИНА1;РЕШЕНИЕ1
;;ПРИЧИНА2;РЕШЕНИЕ2
;;ПРИЧИНА3;РЕШЕНИЕ3
;;ПРИЧИНА4;РЕШЕНИЕ4
}};;;
{{;;;
0001;Включение питания КЦ - регистрируется при пересбросе питания КЦ
}};;;
{{;;;
0004;Ошибка контроля фаз;Неверное чередование фаз;Исправить ошибки в монтаже
;;Пропадание фазы сети, пониженное напряжение;Проверить напряжение сети 400 В
;;Неисправен модуль контроля сети в СЛ-УУ;Заменить модуль
}};;;
{{;;;
0005;Низкое напряжение шахты;ПРИЧИНА1;РЕШЕНИЕ1
;;ПРИЧИНА2;РЕШЕНИЕ2
;;ПРИЧИНА3;РЕШЕНИЕ3
;;ПРИЧИНА4;РЕШЕНИЕ4
}};;;
{{;;;
0105;Отсутствует сигнал «ВК»;Сработал выключатель ВК;Определить и устранить причину срабатывания выключателя
;;Неисправны цепи подключения выключателя ВК;Проверить цепи подключения выключателя согласно схемам, при необходимости - исправить
;;Неисправен выключатель ВК;Проверить исправность выключателя, при необходимости - заменить
;;Неисправен вход КЦ, контролирующий состояние выключателя ВК;Проконтролировать соответствие между состоянием выключателя в меню КЦ и напряжением ~110 В на входе КЦ. При несоответствии - заменить КЦ.
}};;;
{{;;;
0108;Отсутствует сигнал «ДК» при закрытых дверях кабины;Не отрегулировано положение выключателя;Отрегулировать положение выключателя
;;Неисправны цепи подключения сигнала;Проверить цепи подключения выключателя согласно схемам, при необходимости - исправить
;;Неисправен выключатель;Проверить исправность выключателя, при необходимости - заменить
;;Неисправен вход КЦ, контролирующий состояние выключателя;Проконтролировать соответствие между состоянием выключателя в меню КЦ и напряжением ~110 В на входе КЦ. При несоответствии - заменить КЦ.
}};;;
{{;;;
0109;Отсутствует сигнал «ДШ» при закрытых дверях кабины и шахты;Не отрегулировано положение выключателя;Отрегулировать положение выключателя
;;Неисправны цепи подключения сигнала;Проверить цепи подключения выключателя согласно схемам, при необходимости - исправить
;;Неисправен выключатель;Проверить исправность выключателя, при необходимости - заменить
;;Неисправен вход КЦ, контролирующий состояние выключателя;Проконтролировать соответствие между состоянием выключателя в меню КЦ и напряжением ~110 В на входе КЦ. При несоответствии - заменить КЦ.
}};;;
{{;;;
0110;Отсутствует сигнал «ДШ» когда кабина находится не в ДТО;Проникновение в шахту;
;;Не отрегулировано положение выключателя;Отрегулировать положение выключателя
;;Неисправны цепи подключения сигнала;Проверить цепи подключения выключателя согласно схемам, при необходимости - исправить
;;Неисправен выключатель;Проверить исправность выключателя, при необходимости - заменить
;;Неисправен вход КЦ, контролирующий состояние выключателя;Проконтролировать соответствие между состоянием выключателя в меню КЦ и напряжением ~110 В на входе КЦ. При несоответствии - заменить КЦ.
}};;;
{{;;;
0111;Отсутствует сигнал «ДК» при закрытии дверей;Не отрегулировано положение выключателя;Отрегулировать положение выключателя
;;Неисправны цепи подключения сигнала;Проверить цепи подключения выключателя согласно схемам, при необходимости - исправить
;;Неисправен выключатель;Проверить исправность выключателя, при необходимости - заменить
;;Неисправен вход КЦ, контролирующий состояние выключателя;Проконтролировать соответствие между состоянием выключателя в меню КЦ и напряжением ~110 В на входе КЦ. При несоответствии - заменить КЦ.
}};;;
{{;;;
0112;Отсутствует сигнал «ДШ» при закрытии дверей;Не отрегулировано положение выключателя;Отрегулировать положение выключателя
;;Неисправны цепи подключения сигнала;Проверить цепи подключения выключателя согласно схемам, при необходимости - исправить
;;Неисправен выключатель;Проверить исправность выключателя, при необходимости - заменить
;;Неисправен вход КЦ, контролирующий состояние выключателя;Проконтролировать соответствие между состоянием выключателя в меню КЦ и напряжением ~110 В на входе КЦ. При несоответствии - заменить КЦ.
}};;;
{{;;;
0114;Присутствует сигнал «ДК» при открытии дверей;Не отрегулировано положение выключателя;Отрегулировать положение выключателя
;;Неисправны цепи подключения сигнала;Проверить цепи подключения выключателя согласно схемам, при необходимости - исправить
;;Неисправен выключатель;Проверить исправность выключателя, при необходимости - заменить
;;Неисправен вход КЦ, контролирующий состояние выключателя;Проконтролировать соответствие между состоянием выключателя в меню КЦ и напряжением ~110 В на входе КЦ. При несоответствии - заменить КЦ.
}};;;
{{;;;
0115;Присутствует сигнал «ДШ» при открытии дверей;Не отрегулировано положение выключателя;Отрегулировать положение выключателя
;;Неисправны цепи подключения сигнала;Проверить цепи подключения выключателя согласно схемам, при необходимости - исправить
;;Неисправен выключатель;Проверить исправность выключателя, при необходимости - заменить
;;Неисправен вход КЦ, контролирующий состояние выключателя;Проконтролировать соответствие между состоянием выключателя в меню КЦ и напряжением ~110 В на входе КЦ. При несоответствии - заменить КЦ.
}};;;
{{;;;
0116;Присутствуют сигналы «ДШ» и «ДК» при открытии дверей;Не отрегулировано положение выключателя;Отрегулировать положение выключателя
;;Неисправны цепи подключения сигнала;Проверить цепи подключения выключателя согласно схемам, при необходимости - исправить
;;Неисправен выключатель;Проверить исправность выключателя, при необходимости - заменить
;;Неисправен вход КЦ, контролирующий состояние выключателя;Проконтролировать соответствие между состоянием выключателя в меню КЦ и напряжением ~110 В на входе КЦ. При несоответствии - заменить КЦ.
}};;;
{{;;;
0117;Отсутствует сигнал «ДК» в движении;Не отрегулировано положение выключателя;Отрегулировать положение выключателя
;;Неисправны цепи подключения сигнала;Проверить цепи подключения выключателя согласно схемам, при необходимости - исправить
;;Неисправен выключатель;Проверить исправность выключателя, при необходимости - заменить
;;Неисправен вход КЦ, контролирующий состояние выключателя;Проконтролировать соответствие между состоянием выключателя в меню КЦ и напряжением ~110 В на входе КЦ. При несоответствии - заменить КЦ.
;;Во время движения срабатывает выключатель ДК;Определить причину срабатывания выключателя
}};;;
{{;;;
0118;Отсутствует сигнал «ДШ» в движении;Не отрегулировано положение выключателя;Отрегулировать положение выключателя
;;Неисправны цепи подключения сигнала;Проверить цепи подключения выключателя согласно схемам, при необходимости - исправить
;;Неисправен выключатель;Проверить исправность выключателя, при необходимости - заменить
;;Неисправен вход КЦ, контролирующий состояние выключателя;Проконтролировать соответствие между состоянием выключателя в меню КЦ и напряжением ~110 В на входе КЦ. При несоответствии - заменить КЦ.
;;Во время движения срабатывает выключатель ДШ;Определить причину срабатывания выключателя
}};;;
{{;;;
0120;Отсутствует сигнал реле безопасности;Ошибка в монтаже СЛ-УУ;Проверить цепи подключения реле К1 в соответствии со схемами СЛ-УУ. При наличии несоответствий - устранить.
;;Цепь безопасности не собрана;Проверить состояние выключателей цепи безопасности
;;Неисправно реле К1;Проверить в меню КЦ, что цепь безопасности собрана (на КЦ должны светиться все светодиоды цепи безопасности). Если цепь безопасности собрана, но реле отключено - проверить наличие напряжения ~110 В на катушке реле К1. Если напряжение есть, но реле отключено - заменить реле.
;;Неисправен вход КЦ, контролирующий сигнал реле К1;Проконтролировать соответствие между состоянием сигнала в меню КЦ и напряжением +24 В на входе. При несоответствии - заменить КЦ.
}};;;
{{;;;
0199;Неопределенное состояние цепи безопасности;Неправильная последовательность подключения сигналов в ПКУ или КЦ;Проверить последовательность подключения сигналов согласно схемам. При наличии несоответствий - устранить.
;;Неисправны входы КЦ, контролирующие состояние выключателей;Проконтролировать соответствие между состоянием выключателей в меню КЦ и напряжением ~110 В на входах КЦ. При несоответствии - заменить КЦ.
}};;;
{{;;;
0201;Отсутствует сигнал готовности ПЧ («014»);Ошибка в монтаже СЛ-УУ;Проверить соответствие монтажа схемам СЛ-УУ. При наличии несоответствий - устранить.
;;Не настроен ПЧ;Настроить параметры ПЧ в соответствии с инструкцией по настройке
;;Неисправен ПЧ;Заменить ПЧ
;;Неисправен вход КЦ, контролирующий сигнал;Проконтролировать соответствие между состоянием сигнала в меню КЦ и напряжением +24 В на входе. При несоответствии - заменить КЦ.
}};;;
{{;;;
0203;Отсутствует сигнал КГП при старте;Ошибка в монтаже СЛ-УУ;Проверить соответствие монтажа схемам СЛ-УУ. При наличии несоответствий - устранить
;;Не включается контактор главного привода;Выполнить пробный старт в режиме «СР», визуально проконтролировать включение контактора. Если контактор не включился, проверить наличие напряжения ~110 В на катушке контактора. Если при наличии напряжения контактор не включается - заменить контактор.
;;Отсутствует напряжение ~110 В на катушке контактора главного привода (или контактора динамического торможения для синхронного двигателя);Проверить наличие напряжения ~110 В между точками 110 и N1 согласно Э3. Проконтролировать, что реле К1 и К2 включены и напряжение ~110 В поступает на разъемы КЦ XP22.1 и XP23.1 (цепь 642 согласно Э3). При наличии неисправных устройств - заменить.
;;Неисправен релейный выход КЦ, управляющий контактором главного привода;Выполнить пробный старт в режиме «СР», проверить наличие напряжения ~110 В на разъемах КЦ XP22.2 и XP23.2. Проконтролировать в меню КЦ включение выхода, управляющего контактором. При включении выхода в КЦ и отсутствии напряжения на катушке контактора - заменить КЦ.
;;На вход КЦ не поступает сигнал КГП;Проверить цепь контроля включения контактора и исправность блока контактов контактора. При наличии неисправных устройств - заменить.
;;Неисправен вход КЦ, контролирующий сигнал КГП;Выполнить пробный старт в режиме «СР», проверить наличие напряжения +24 В на входе КЦ. В меню КЦ проконтролировать наличие сигнала. При наличии напряжения и отсутствии сигнала в КЦ - заменить КЦ.
}};;;
{{;;;
0204;Отсутствует сигнал обратной связи ПЧ при старте («013»);Ошибка в монтаже СЛ-УУ;Проверить соответствие монтажа схемам СЛ-УУ. При наличии несоответствий - устранить.
;;Не настроен ПЧ;Настроить параметры ПЧ в соответствии с инструкцией по настройке
;;Неисправен ПЧ;Заменить ПЧ
;;Неисправен вход КЦ, контролирующий сигнал;Проконтролировать соответствие между состоянием сигнала в меню КЦ и напряжением +24 В на входе. При несоответствии - заменить КЦ.
}};;;
{{;;;
0205;Отсутствует сигнал разрешения снятия тормоза при старте («012»);Ошибка в монтаже СЛ-УУ;Проверить соответствие монтажа схемам СЛ-УУ. При наличии несоответствий - устранить.
;;Не настроен ПЧ;Настроить параметры ПЧ в соответствии с инструкцией по настройке
;;Неисправен ПЧ;Заменить ПЧ
;;Неисправен вход КЦ, контролирующий сигнал;Проконтролировать соответствие между состоянием сигнала в меню КЦ и напряжением +24 В на входе. При несоответствии - заменить КЦ.
}};;;
{{;;;
0206;Отсутствует сигнал КПТ при старте;Ошибка в монтаже СЛ-УУ;Проверить соответствие монтажа схемам СЛ-УУ. При наличии несоответствий - устранить
;;Не включается контактор тормоза;Выполнить пробный старт в режиме «СР», визуально проконтролировать включение контактора. Если контактор не включился, проверить наличие напряжения ~110 В на катушке контактора. Если при наличии напряжения контактор не включается - заменить контактор.
;;Отсутствует напряжение ~110 В на катушке контактора тормоза;Проверить наличие напряжения ~110 В между точками 110 и N1 согласно Э3. Проконтролировать, что реле К1 и К2 включены и напряжение ~110 В поступает на разъемы КЦ XP22.1 и XP23.1 (цепь 642 согласно Э3). При наличии неисправных устройств - заменить.
;;Неисправен релейный выход КЦ, управляющий контактором тормоза;Выполнить пробный старт в режиме «СР», проверить наличие напряжения ~110 В на разъемах КЦ XP22.2 и XP23.2. Проконтролировать в меню КЦ включение выхода, управляющего контактором. При включении выхода в КЦ и отсутствии напряжения на катушке контактора - заменить КЦ.
;;На вход КЦ не поступает сигнал КПТ;Проверить цепь контроля включения контактора и исправность блока контактов контактора. При наличии неисправных устройств - заменить.
;;Неисправен вход КЦ, контролирующий сигнал КПТ;Выполнить пробный старт в режиме «СР», проверить наличие напряжения +24 В на входе КЦ. В меню КЦ проконтролировать наличие сигнала. При наличии напряжения и отсутствии сигнала в КЦ - заменить КЦ.
}};;;
{{;;;
0207;Присутствует сигнал КГП при останове;Ошибка в монтаже СЛ-УУ;Проверить соответствие монтажа схемам СЛ-УУ. При наличии несоответствий - устранить.
;;Не отключается контактор главного привода;Визуально проконтролировать отключение контактора при останове. Если контактор не отключился, проверить отсутствие напряжения ~110 В на катушке контактора. Если напряжение отсутствует - заменить контактор.
;;Неисправен релейный выход КЦ, управляющий контактором главного привода;Выполнить пробный старт в режиме «СР», проверить после останова отсутствие напряжения ~110 В на разъемах КЦ XP22.2 и XP23.2. Проконтролировать в меню КЦ отключение выхода, управляющего контактором. При отключении выхода в КЦ и наличии напряжения на катушке контактора - заменить КЦ.
;;Неисправен вход КЦ, контролирующий сигнал КГП;Проверить отсутствие напряжения +24 В на входе КЦ. В меню КЦ проверить отсутствие сигнала. При отсутствии напряжения и наличии сигнала в КЦ - заменить КЦ.
}};;;
{{;;;
0208;Присутствует сигнал обратной связи ПЧ при останове («013»);Ошибка в монтаже СЛ-УУ;Проверить соответствие монтажа схемам СЛ-УУ. При наличии несоответствий - устранить.
;;Не настроен ПЧ;Настроить параметры ПЧ в соответствии с инструкцией по настройке
;;Неисправен ПЧ;Заменить ПЧ
;;Неисправен вход КЦ, контролирующий сигнал;Проконтролировать соответствие между состоянием сигнала в меню КЦ и напряжением +24 В на входе. При несоответствии - заменить КЦ.
}};;;
{{;;;
0209;Присутствует сигнал разрешения снятия тормоза при останове («012»);Ошибка в монтаже СЛ-УУ;Проверить соответствие монтажа схемам СЛ-УУ. При наличии несоответствий - устранить.
;;Не настроен ПЧ;Настроить параметры ПЧ в соответствии с инструкцией по настройке
;;Неисправен ПЧ;Заменить ПЧ
;;Неисправен вход КЦ, контролирующий сигнал;Проконтролировать соответствие между состоянием сигнала в меню КЦ и напряжением +24 В на входе. При несоответствии - заменить КЦ.
}};;;
{{;;;
0210;Присутствует сигнал КПТ при останове;Ошибка в монтаже СЛ-УУ;Проверить соответствие монтажа схемам СЛ-УУ. При наличии несоответствий - устранить.
;;Не отключается контактор тормоза;Визуально проконтролировать отключение контактора при останове. Если контактор не отключился, проверить отсутствие напряжения ~110 В на катушке контактора. Если напряжение отсутствует - заменить контактор.
;;Неисправен релейный выход КЦ, управляющий контактором тормоза;Выполнить пробный старт в режиме «СР», проверить после останова отсутствие напряжения ~110 В на разъемах КЦ XP22.2 и XP23.2. Проконтролировать в меню КЦ отключение выхода, управляющего контактором. При отключении выхода в КЦ и наличии напряжения на катушке контактора - заменить КЦ.
;;Неисправен вход КЦ, контролирующий сигнал КПТ;Проверить отсутствие напряжения +24 В на входе КЦ. В меню КЦ проверить отсутствие сигнала. При отсутствии напряжения и наличии сигнала в КЦ - заменить КЦ.
}};;;
{{;;;
0211;Присутствуют сигналы контроля тормоза КТ1 при старте;Ошибка в монтаже СЛ-УУ;Проверить соответствие монтажа схемам СЛ-УУ. При наличии несоответствий - устранить.
;;Не включаются катушки тормоза;Выполнить пробный старт в режиме «СР», проверить наличие постоянного напряжения на катушках тормоза. При наличии напряжения - проверить исправность катушек.
;;Отсутствует постоянное напряжение на катушках тормоза;Выполнить пробный старт в режиме «СР», проверить наличие постоянного напряжения на выходе платы ПУТ (разъем X2). При наличии напряжения - проверить цепь подключения постоянного напряжения от платы ПУТ до катушек тормоза.
;;Отсутствует постоянное напряжение на выходе платы ПУТ;Проверить напряжение питания ~220 В на входе платы ПУТ (разъем X1). При наличии напряжения питания - заменить плату ПУТ.
;;Отсутствует напряжение питания ~220 В на входе платы ПУТ;Проверить цепь подключения напряжения питания ~220 В на вход платы ПУТ. При наличии в цепи питания неисправных устройств - заменить.
;;Неисправны выключатели контроля тормоза;Проверить надежность механического крепления выключателей. При неисправности выключателей - заменить
}};;;
{{;;;
0212;Присутствуют сигналы контроля тормоза КТ2 при старте;Ошибка в монтаже СЛ-УУ;Проверить соответствие монтажа схемам СЛ-УУ. При наличии несоответствий - устранить.
;;Не включаются катушки тормоза;Выполнить пробный старт в режиме «СР», проверить наличие постоянного напряжения на катушках тормоза. При наличии напряжения - проверить исправность катушек.
;;Отсутствует постоянное напряжение на катушках тормоза;Выполнить пробный старт в режиме «СР», проверить наличие постоянного напряжения на выходе платы ПУТ (разъем X2). При наличии напряжения - проверить цепь подключения постоянного напряжения от платы ПУТ до катушек тормоза.
;;Отсутствует постоянное напряжение на выходе платы ПУТ;Проверить напряжение питания ~220 В на входе платы ПУТ (разъем X1). При наличии напряжения питания - заменить плату ПУТ.
;;Отсутствует напряжение питания ~220 В на входе платы ПУТ;Проверить цепь подключения напряжения питания ~220 В на вход платы ПУТ. При наличии в цепи питания неисправных устройств - заменить.
;;Неисправны выключатели контроля тормоза;Проверить надежность механического крепления выключателей. При неисправности выключателей - заменить
}};;;
{{;;;
0213;Отсутствуют сигналы контроля тормоза КТ1 при останове;Ошибка в монтаже СЛ-УУ;Проверить соответствие монтажа схемам СЛ-УУ. При наличии несоответствий - устранить.
;;Неисправны выключатели контроля тормоза;Выполнить пробный старт в режиме «СР», проверить наличие постоянного напряжения на катушках тормоза. При наличии напряжения - проверить исправность катушек.
;;Присутствует напряжение питания ~220 В на входе платы ПУТ;Заменить неисправные устройства в цепи питания платы ПУТ.
}};;;
{{;;;
0214;Отсутствуют сигналы контроля тормоза КТ2 при останове;Ошибка в монтаже СЛ-УУ;Проверить соответствие монтажа схемам СЛ-УУ. При наличии несоответствий - устранить.
;;Неисправны выключатели контроля тормоза;Выполнить пробный старт в режиме «СР», проверить наличие постоянного напряжения на катушках тормоза. При наличии напряжения - проверить исправность катушек.
;;Присутствует напряжение питания ~220 В на входе платы ПУТ;Заменить неисправные устройства в цепи питания платы ПУТ.
}};;;
{{;;;
0215;Присутствуют сигналы контроля тормоза КТ1 в движении;Отсутствует постоянное напряжение на катушках тормоза;Выполнить пробный старт в режиме «СР», проверить наличие постоянного напряжения на выходе платы ПУТ (разъем X2). При наличии напряжения - проверить цепь подключения постоянного напряжения от платы ПУТ до катушек тормоза.
;;Отсутствует постоянное напряжение на выходе платы ПУТ;Проверить напряжение питания ~220 В на входе платы ПУТ (разъем X1). При наличии напряжения питания - заменить плату ПУТ.
;;Отсутствует напряжение питания ~220 В на входе платы ПУТ;Проверить цепь подключения напряжения питания ~220 В на вход платы ПУТ. При наличии в цепи питания неисправных устройств - заменить.
;;Неисправны выключатели контроля тормоза;Проверить надежность механического крепления выключателей. При неисправности выключателей - заменить
}};;;
{{;;;
0216;Присутствуют сигналы контроля тормоза КТ2 в движении;Отсутствует постоянное напряжение на катушках тормоза;Выполнить пробный старт в режиме «СР», проверить наличие постоянного напряжения на выходе платы ПУТ (разъем X2). При наличии напряжения - проверить цепь подключения постоянного напряжения от платы ПУТ до катушек тормоза.
;;Отсутствует постоянное напряжение на выходе платы ПУТ;Проверить напряжение питания ~220 В на входе платы ПУТ (разъем X1). При наличии напряжения питания - заменить плату ПУТ.
;;Отсутствует напряжение питания ~220 В на входе платы ПУТ;Проверить цепь подключения напряжения питания ~220 В на вход платы ПУТ. При наличии в цепи питания неисправных устройств - заменить.
;;Неисправны выключатели контроля тормоза;Проверить надежность механического крепления выключателей. При неисправности выключателей - заменить
}};;;
{{;;;
0217;Отсутствуют сигналы контроля тормоза КТ1 при отсутствии движения;Ошибка в монтаже СЛ-УУ;Проверить соответствие монтажа схемам СЛ-УУ. При наличии несоответствий - устранить.
;;Неисправны выключатели контроля тормоза;Выполнить пробный старт в режиме «СР», проверить наличие постоянного напряжения на катушках тормоза. При наличии напряжения - проверить исправность катушек.
;;Присутствует напряжение питания ~220 В на входе платы ПУТ;Заменить неисправные устройства в цепи питания платы ПУТ.
}};;;
{{;;;
0218;Отсутствуют сигналы контроля тормоза КТ2 при отсутствии движения;Ошибка в монтаже СЛ-УУ;Проверить соответствие монтажа схемам СЛ-УУ. При наличии несоответствий - устранить.
;;Неисправны выключатели контроля тормоза;Выполнить пробный старт в режиме «СР», проверить наличие постоянного напряжения на катушках тормоза. При наличии напряжения - проверить исправность катушек.
;;Присутствует напряжение питания ~220 В на входе платы ПУТ;Заменить неисправные устройства в цепи питания платы ПУТ.
}};;;
{{;;;
0219;Отсутствует сигнал КГП в движении;Ошибка в монтаже СЛ-УУ;Проверить соответствие монтажа схемам СЛ-УУ. При наличии несоответствий - устранить
;;Не включается контактор главного привода;Выполнить пробный старт в режиме «СР», визуально проконтролировать включение контактора. Если контактор не включился, проверить наличие напряжения ~110 В на катушке контактора. Если при наличии напряжения контактор не включается - заменить контактор.
;;Отсутствует напряжение ~110 В на катушке контактора главного привода (или контактора динамического торможения для синхронного двигателя);Проверить наличие напряжения ~110 В между точками 110 и N1 согласно Э3. Проконтролировать, что реле К1 и К2 включены и напряжение ~110 В поступает на разъемы КЦ XP22.1 и XP23.1 (цепь 642 согласно Э3). При наличии неисправных устройств - заменить.
;;Неисправен релейный выход КЦ, управляющий контактором главного привода;Выполнить пробный старт в режиме «СР», проверить наличие напряжения ~110 В на разъемах КЦ XP22.2 и XP23.2. Проконтролировать в меню КЦ включение выхода, управляющего контактором. При включении выхода в КЦ и отсутствии напряжения на катушке контактора - заменить КЦ.
;;На вход КЦ не поступает сигнал КГП;Проверить цепь контроля включения контактора и исправность блока контактов контактора. При наличии неисправных устройств - заменить.
;;Неисправен вход КЦ, контролирующий сигнал КГП;Выполнить пробный старт в режиме «СР», проверить наличие напряжения +24 В на входе КЦ. В меню КЦ проконтролировать наличие сигнала. При наличии напряжения и отсутствии сигнала в КЦ - заменить КЦ.
}};;;
{{;;;
0220;Отсутствует сигнал КПТ в движении;Ошибка в монтаже СЛ-УУ;Проверить соответствие монтажа схемам СЛ-УУ. При наличии несоответствий - устранить
;;Не включается контактор тормоза;Выполнить пробный старт в режиме «СР», визуально проконтролировать включение контактора. Если контактор не включился, проверить наличие напряжения ~110 В на катушке контактора. Если при наличии напряжения контактор не включается - заменить контактор.
;;Отсутствует напряжение ~110 В на катушке контактора тормоза;Проверить наличие напряжения ~110 В между точками 110 и N1 согласно Э3. Проконтролировать, что реле К1 и К2 включены и напряжение ~110 В поступает на разъемы КЦ XP22.1 и XP23.1 (цепь 642 согласно Э3). При наличии неисправных устройств - заменить.
;;Неисправен релейный выход КЦ, управляющий контактором тормоза;Выполнить пробный старт в режиме «СР», проверить наличие напряжения ~110 В на разъемах КЦ XP22.2 и XP23.2. Проконтролировать в меню КЦ включение выхода, управляющего контактором. При включении выхода в КЦ и отсутствии напряжения на катушке контактора - заменить КЦ.
;;На вход КЦ не поступает сигнал КПТ;Проверить цепь контроля включения контактора и исправность блока контактов контактора. При наличии неисправных устройств - заменить.
;;Неисправен вход КЦ, контролирующий сигнал КПТ;Выполнить пробный старт в режиме «СР», проверить наличие напряжения +24 В на входе КЦ. В меню КЦ проконтролировать наличие сигнала. При наличии напряжения и отсутствии сигнала в КЦ - заменить КЦ.
}};;;
{{;;;
0221;Отсутствует сигнал разрешения снятия тормоза в движении («012»);Ошибка в монтаже СЛ-УУ;Проверить соответствие монтажа схемам СЛ-УУ. При наличии несоответствий - устранить.
;;Не настроен ПЧ;Настроить параметры ПЧ в соответствии с инструкцией по настройке
;;Неисправен ПЧ;Заменить ПЧ
;;Неисправен вход КЦ, контролирующий сигнал;Проконтролировать соответствие между состоянием сигнала в меню КЦ и напряжением +24 В на входе. При несоответствии - заменить КЦ.
}};;;
{{;;;
0222;Отсутствует сигнал обратной связи ПЧ в движении («013»);Ошибка в монтаже СЛ-УУ;Проверить соответствие монтажа схемам СЛ-УУ. При наличии несоответствий - устранить.
;;Не настроен ПЧ;Настроить параметры ПЧ в соответствии с инструкцией по настройке
;;Неисправен ПЧ;Заменить ПЧ
;;Неисправен вход КЦ, контролирующий сигнал;Проконтролировать соответствие между состоянием сигнала в меню КЦ и напряжением +24 В на входе. При несоответствии - заменить КЦ.
}};;;
{{;;;
0227;Отсутствует сигнал готовности ПЧ в движении («014»);Ошибка в монтаже СЛ-УУ;Проверить соответствие монтажа схемам СЛ-УУ. При наличии несоответствий - устранить.
;;Не настроен ПЧ;Настроить параметры ПЧ в соответствии с инструкцией по настройке
;;Неисправен ПЧ;Заменить ПЧ
;;Неисправен вход КЦ, контролирующий сигнал;Проконтролировать соответствие между состоянием сигнала в меню КЦ и напряжением +24 В на входе. При несоответствии - заменить КЦ.
}};;;
{{;;;
0223;Присутствует сигнал КГП при отсутствии движения;Ошибка в монтаже СЛ-УУ;Проверить соответствие монтажа схемам СЛ-УУ. При наличии несоответствий - устранить.
;;Не отключается контактор главного привода;Визуально проконтролировать отключение контактора при останове. Если контактор не отключился, проверить отсутствие напряжения ~110 В на катушке контактора. Если напряжение отсутствует - заменить контактор.
;;Неисправен релейный выход КЦ, управляющий контактором главного привода;Выполнить пробный старт в режиме «СР», проверить после останова отсутствие напряжения ~110 В на разъемах КЦ XP22.2 и XP23.2. Проконтролировать в меню КЦ отключение выхода, управляющего контактором. При отключении выхода в КЦ и наличии напряжения на катушке контактора - заменить КЦ.
;;Неисправен вход КЦ, контролирующий сигнал КГП;Проверить отсутствие напряжения +24 В на входе КЦ. В меню КЦ проверить отсутствие сигнала. При отсутствии напряжения и наличии сигнала в КЦ - заменить КЦ.
}};;;
{{;;;
0224;Присутствует сигнал КПТ при отсутствии движения;Ошибка в монтаже СЛ-УУ;Проверить соответствие монтажа схемам СЛ-УУ. При наличии несоответствий - устранить.
;;Не отключается контактор тормоза;Визуально проконтролировать отключение контактора при останове. Если контактор не отключился, проверить отсутствие напряжения ~110 В на катушке контактора. Если напряжение отсутствует - заменить контактор.
;;Неисправен релейный выход КЦ, управляющий контактором тормоза;Выполнить пробный старт в режиме «СР», проверить после останова отсутствие напряжения ~110 В на разъемах КЦ XP22.2 и XP23.2. Проконтролировать в меню КЦ отключение выхода, управляющего контактором. При отключении выхода в КЦ и наличии напряжения на катушке контактора - заменить КЦ.
;;Неисправен вход КЦ, контролирующий сигнал КПТ;Проверить отсутствие напряжения +24 В на входе КЦ. В меню КЦ проверить отсутствие сигнала. При отсутствии напряжения и наличии сигнала в КЦ - заменить КЦ.
}};;;
{{;;;
0225;Присутствует сигнал обратной связи ПЧ при отсутствии движения («013»);Ошибка в монтаже СЛ-УУ;Проверить соответствие монтажа схемам СЛ-УУ. При наличии несоответствий - устранить.
;;Не настроен ПЧ;Настроить параметры ПЧ в соответствии с инструкцией по настройке
;;Неисправен ПЧ;Заменить ПЧ
;;Неисправен вход КЦ, контролирующий сигнал;Проконтролировать соответствие между состоянием сигнала в меню КЦ и напряжением +24 В на входе. При несоответствии - заменить КЦ.
}};;;
{{;;;
0226;Присутствует сигнал разрешения снятия тормоза при отсутствии движения («012»);Ошибка в монтаже СЛ-УУ;Проверить соответствие монтажа схемам СЛ-УУ. При наличии несоответствий - устранить.
;;Не настроен ПЧ;Настроить параметры ПЧ в соответствии с инструкцией по настройке
;;Неисправен ПЧ;Заменить ПЧ
;;Неисправен вход КЦ, контролирующий сигнал;Проконтролировать соответствие между состоянием сигнала в меню КЦ и напряжением +24 В на входе. При несоответствии - заменить КЦ.
}};;;
{{;;;
0229;Отсутствует сигнал стопорного устройства при старте;Ошибка в монтаже СЛ-УУ;Проверить соответствие монтажа схемам СЛ-УУ. При наличии несоответствий - устранить.
;;Неисправно стопорное устройство;Выполнить пробный старт в режиме «СР», проверить наличие напряжения ~220 В на катушке стопорного устройства. При наличии напряжения - проверить исправность катушки и выключателя.
;;Отсутствует напряжение ~220 В на катушке стопорного устройства;Проверить исправность устройств в цепи питания катушки стопорного устройства - FU2, KM3.2. При наличии неисправных устройств - заменить.
;;Неисправен вход КЦ, контролирующий выключатель стопорного устройства;При включении/отключении стопорного устройства проконтролировать в меню КЦ изменение состояния сигнала HST. При отсутствии изменения - заменить КЦ.
}};;;
{{;;;
0230;Присутствует сигнал стопорного устройства при остановке;Ошибка в монтаже СЛ-УУ;Проверить соответствие монтажа схемам СЛ-УУ. При наличии несоответствий - устранить.
;;Неисправно стопорное устройство;Выполнить пробный старт в режиме «СР», проверить наличие напряжения ~220 В на катушке стопорного устройства. При наличии напряжения - проверить исправность катушки и выключателя.
;;Присутствует напряжение ~220 В на катушке стопорного устройства;Проверить исправность устройств в цепи питания катушки стопорного устройства - FU2, KM3.2. При наличии неисправных устройств - заменить.
;;Неисправен вход КЦ, контролирующий выключатель стопорного устройства;При включении/отключении стопорного устройства проконтролировать в меню КЦ изменение состояния сигнала HST. При отсутствии изменения - заменить КЦ.
}};;;
{{;;;
0231;Отсутствует сигнал стопорного устройства в движении;Ошибка в монтаже СЛ-УУ;Проверить соответствие монтажа схемам СЛ-УУ. При наличии несоответствий - устранить.
;;Неисправно стопорное устройство;Выполнить пробный старт в режиме «СР», проверить наличие напряжения ~220 В на катушке стопорного устройства. При наличии напряжения - проверить исправность катушки и выключателя.
;;Отсутствует напряжение ~220 В на катушке стопорного устройства;Проверить исправность устройств в цепи питания катушки стопорного устройства - FU2, KM3.2. При наличии неисправных устройств - заменить.
;;Неисправен вход КЦ, контролирующий выключатель стопорного устройства;При включении/отключении стопорного устройства проконтролировать в меню КЦ изменение состояния сигнала HST. При отсутствии изменения - заменить КЦ.
}};;;
{{;;;
0232;Присутствует сигнал стопорного устройства при отсутствии движения;Ошибка в монтаже СЛ-УУ;Проверить соответствие монтажа схемам СЛ-УУ. При наличии несоответствий - устранить.
;;Неисправно стопорное устройство;Выполнить пробный старт в режиме «СР», проверить наличие напряжения ~220 В на катушке стопорного устройства. При наличии напряжения - проверить исправность катушки и выключателя.
;;Присутствует напряжение ~220 В на катушке стопорного устройства;Проверить исправность устройств в цепи питания катушки стопорного устройства - FU2, KM3.2. При наличии неисправных устройств - заменить.
;;Неисправен вход КЦ, контролирующий выключатель стопорного устройства;При включении/отключении стопорного устройства проконтролировать в меню КЦ изменение состояния сигнала HST. При отсутствии изменения - заменить КЦ.
}};;;
{{;;;
0301;Одновременное наличие сигналов ВКО и ВКЗ;Ошибка в монтаже;Проверить соответствие монтажа схемам СЛ и отсутствие обрыва в цепях подключения выключателей ВКО и ВКЗ к приводу дверей. При наличии несоответствий - устранить.
;;Не отрегулировано положение выключателей;Отрегулировать положение выключателей
;;Неисправен привод дверей;При замкнутом состоянии выключателей проверить наличие напряжения +24 В в потенциальных точках VKO и VKZ согласно Э3 СЛ. При отсутствии напряжения - заменить привод дверей.
;;Неисправны входы КК, контролирующие сигналы ВКО и ВКЗ;При замкнутом состоянии выключателей проверить наличие напряжения +24 В в потенциальных точках VKO и VKZ согласно Э3 СЛ. При наличии напряжения - в меню КЦ проконтролировать наличие сигналов. При наличии напряжения и отсутствии сигнала в КЦ - заменить КК.
}};;;
{{;;;
0302;Превышено время закрытия дверей;Ошибка в монтаже;Проверить соответствие монтажа схемам СЛ и СЛ-УУ. При наличии несоответствий - устранить.
;;Не отрегулировано положение выключателя ВКЗ;Отрегулировать положение выключателя
;;Неисправен выключатель ВКЗ;Проверить исправность выключателя, при необходимости - заменить
;;Отсутствует напряжение питания привода дверей;Проверить соответствие монтажа схемам СЛ и СЛ-УУ, проверить состояние автоматического выключателя QF3 в СЛ-УУ и подключение подвесного кабеля
;;Не вращается двигатель привода дверей;В режиме «СР» через меню КЦ зарегистрировать команду управления дверями («Закрыть двери» или «Открыть двери»), проверить наличие напряжения на двигателе привода дверей. При наличии напряжения - заменить двигатель привода дверей, при отсутствии - проверить исправность привода дверей.
;;Не настроен привод дверей, время закрытия превышает 15 секунд;Выполнить настройку параметров привода дверей
;;Неисправен вход КК, контролирующий сигнал ВКЗ;При замкнутом состоянии выключателей проверить наличие напряжения +24 В в потенциальных точках VKO и VKZ согласно Э3 СЛ. При наличии напряжения - в меню КЦ проконтролировать наличие сигналов. При наличии напряжения и отсутствии сигнала в КЦ - заменить КК.
}};;;
{{;;;
0303;Превышено время открытия дверей;Ошибка в монтаже;Проверить соответствие монтажа схемам СЛ и СЛ-УУ. При наличии несоответствий - устранить.
;;Не отрегулировано положение выключателя ВКО;Отрегулировать положение выключателя
;;Неисправен выключатель ВКО;Проверить исправность выключателя, при необходимости - заменить
;;Отсутствует напряжение питания привода дверей;Проверить соответствие монтажа схемам СЛ и СЛ-УУ, проверить состояние автоматического выключателя QF3 в СЛ-УУ и подключение подвесного кабеля
;;Не вращается двигатель привода дверей;В режиме «СР» через меню КЦ зарегистрировать команду управления дверями («Закрыть двери» или «Открыть двери»), проверить наличие напряжения на двигателе привода дверей. При наличии напряжения - заменить двигатель привода дверей, при отсутствии - проверить исправность привода дверей.
;;Не настроен привод дверей, время открытия превышает 15 секунд;Выполнить настройку параметров привода дверей
;;Неисправен вход КК, контролирующий сигнал ВКО;При замкнутом состоянии выключателей проверить наличие напряжения +24 В в потенциальных точках VKO и VKZ согласно Э3 СЛ. При наличии напряжения - в меню КЦ проконтролировать наличие сигналов. При наличии напряжения и отсутствии сигнала в КЦ - заменить КК.
}};;;
{{;;;
0304;Количество реверсов дверей больше 8;Препятствие на пути движения створок дверей кабины и шахты.;Устранить препятствие.
}};;;
{{;;;
0305;Отсутствует сигнал ВКЗ при наличии сигнала ДК (предупреждение, после пяти попыток закрытия - ошибка);Не отрегулировано положение выключателей ВКЗ и ДК, сигнал ВКЗ не появляется через 1,5 секунды после сигнала ДК;Отрегулировать положение выключателей
;;Неисправен выключатель ВКЗ;Проверить исправность выключателя, при необходимости - заменить
;;Неисправен вход КК, контролирующий сигнал ВКЗ;При замкнутом состоянии выключателей проверить наличие напряжения +24 В в потенциальных точках VKO и VKZ согласно Э3 СЛ. При наличии напряжения - в меню КЦ проконтролировать наличие сигналов. При наличии напряжения и отсутствии сигнала в КЦ - заменить КК.
}};;;
{{;;;
0401;Одновременное наличие сигналов ВКО и ВКЗ;Ошибка в монтаже;Проверить соответствие монтажа схемам СЛ и отсутствие обрыва в цепях подключения выключателей ВКО и ВКЗ к приводу дверей. При наличии несоответствий - устранить.
;;Не отрегулировано положение выключателей;Отрегулировать положение выключателей
;;Неисправен привод дверей;При замкнутом состоянии выключателей проверить наличие напряжения +24 В в потенциальных точках VKO и VKZ согласно Э3 СЛ. При отсутствии напряжения - заменить привод дверей.
;;Неисправны входы КК, контролирующие сигналы ВКО и ВКЗ;При замкнутом состоянии выключателей проверить наличие напряжения +24 В в потенциальных точках VKO и VKZ согласно Э3 СЛ. При наличии напряжения - в меню КЦ проконтролировать наличие сигналов. При наличии напряжения и отсутствии сигнала в КЦ - заменить КК.
}};;;
{{;;;
0402;Превышено время закрытия дверей;Ошибка в монтаже;Проверить соответствие монтажа схемам СЛ и СЛ-УУ. При наличии несоответствий - устранить.
;;Не отрегулировано положение выключателя ВКЗ;Отрегулировать положение выключателя
;;Неисправен выключатель ВКЗ;Проверить исправность выключателя, при необходимости - заменить
;;Отсутствует напряжение питания привода дверей;Проверить соответствие монтажа схемам СЛ и СЛ-УУ, проверить состояние автоматического выключателя QF3 в СЛ-УУ и подключение подвесного кабеля
;;Не вращается двигатель привода дверей;В режиме «СР» через меню КЦ зарегистрировать команду управления дверями («Закрыть двери» или «Открыть двери»), проверить наличие напряжения на двигателе привода дверей. При наличии напряжения - заменить двигатель привода дверей, при отсутствии - проверить исправность привода дверей.
;;Не настроен привод дверей, время закрытия превышает 15 секунд;Выполнить настройку параметров привода дверей
;;Неисправен вход КК, контролирующий сигнал ВКЗ;При замкнутом состоянии выключателей проверить наличие напряжения +24 В в потенциальных точках VKO и VKZ согласно Э3 СЛ. При наличии напряжения - в меню КЦ проконтролировать наличие сигналов. При наличии напряжения и отсутствии сигнала в КЦ - заменить КК.
}};;;
{{;;;
0403;Превышено время открытия дверей;Ошибка в монтаже;Проверить соответствие монтажа схемам СЛ и СЛ-УУ. При наличии несоответствий - устранить.
;;Не отрегулировано положение выключателя ВКО;Отрегулировать положение выключателя
;;Неисправен выключатель ВКО;Проверить исправность выключателя, при необходимости - заменить
;;Отсутствует напряжение питания привода дверей;Проверить соответствие монтажа схемам СЛ и СЛ-УУ, проверить состояние автоматического выключателя QF3 в СЛ-УУ и подключение подвесного кабеля
;;Не вращается двигатель привода дверей;В режиме «СР» через меню КЦ зарегистрировать команду управления дверями («Закрыть двери» или «Открыть двери»), проверить наличие напряжения на двигателе привода дверей. При наличии напряжения - заменить двигатель привода дверей, при отсутствии - проверить исправность привода дверей.
;;Не настроен привод дверей, время открытия превышает 15 секунд;Выполнить настройку параметров привода дверей
;;Неисправен вход КК, контролирующий сигнал ВКО;При замкнутом состоянии выключателей проверить наличие напряжения +24 В в потенциальных точках VKO и VKZ согласно Э3 СЛ. При наличии напряжения - в меню КЦ проконтролировать наличие сигналов. При наличии напряжения и отсутствии сигнала в КЦ - заменить КК.
}};;;
{{;;;
0404;Количество реверсов дверей больше 8;Препятствие на пути движения створок дверей кабины и шахты.;Устранить препятствие.
}};;;
{{;;;
0405;Отсутствует сигнал ВКЗ при наличии сигнала ДК (предупреждение, после пяти попыток закрытия - ошибка);Не отрегулировано положение выключателей ВКЗ и ДК, сигнал ВКЗ не появляется через 1,5 секунды после сигнала ДК;Отрегулировать положение выключателей
;;Неисправен выключатель ВКЗ;Проверить исправность выключателя, при необходимости - заменить
;;Неисправен вход КК, контролирующий сигнал ВКЗ;При замкнутом состоянии выключателей проверить наличие напряжения +24 В в потенциальных точках VKO и VKZ согласно Э3 СЛ. При наличии напряжения - в меню КЦ проконтролировать наличие сигналов. При наличии напряжения и отсутствии сигнала в КЦ - заменить КК.
}};;;
{{;;;
0501;Ошибка сигнала «15 кг»;Ошибка в монтаже;Проверить соответствие монтажа схемам СЛ, подключение датчиков к грузовзвешивающему устройству и отсутствие обрыва в цепи подключения сигнала к КК. При наличии несоответствий - устранить.
;;Неправильно выполнена калибровка взвешивающего устройства;Выполнить калибровка согласно инструкции на грузовзвешивающее устройство
;;Неисправно взвешивающее устройство;При наличии в кабине веса, соответствующего проверяемому сигналу, проверить отсутствие напряжения +24 В в соответствующей потенциальной точке на КК. При наличии напряжения - заменить грузовзвешивающее устройство.
;;Неисправен вход КК, контролирующий сигнал веса;Проконтролировать соответствие между состоянием сигнала в меню КЦ и напряжением +24 В на входе КК, контролирующем сигнал. При несоответствии - заменить КК.
}};;;
{{;;;
0502;Ошибка сигнала «15 кг» или «50%»;Ошибка в монтаже;Проверить соответствие монтажа схемам СЛ, подключение датчиков к грузовзвешивающему устройству и отсутствие обрыва в цепи подключения сигнала к КК. При наличии несоответствий - устранить.
;;Неправильно выполнена калибровка взвешивающего устройства;Выполнить калибровка согласно инструкции на грузовзвешивающее устройство
;;Неисправно взвешивающее устройство;При наличии в кабине веса, соответствующего проверяемому сигналу, проверить отсутствие напряжения +24 В в соответствующей потенциальной точке на КК. При наличии напряжения - заменить грузовзвешивающее устройство.
;;Неисправен вход КК, контролирующий сигнал веса;Проконтролировать соответствие между состоянием сигнала в меню КЦ и напряжением +24 В на входе КК, контролирующем сигнал. При несоответствии - заменить КК.
}};;;
{{;;;
0503;Ошибка сигнала «50%»;Ошибка в монтаже;Проверить соответствие монтажа схемам СЛ, подключение датчиков к грузовзвешивающему устройству и отсутствие обрыва в цепи подключения сигнала к КК. При наличии несоответствий - устранить.
;;Неправильно выполнена калибровка взвешивающего устройства;Выполнить калибровка согласно инструкции на грузовзвешивающее устройство
;;Неисправно взвешивающее устройство;При наличии в кабине веса, соответствующего проверяемому сигналу, проверить отсутствие напряжения +24 В в соответствующей потенциальной точке на КК. При наличии напряжения - заменить грузовзвешивающее устройство.
;;Неисправен вход КК, контролирующий сигнал веса;Проконтролировать соответствие между состоянием сигнала в меню КЦ и напряжением +24 В на входе КК, контролирующем сигнал. При несоответствии - заменить КК.
}};;;
{{;;;
0504;Ошибка сигнала «90%»;Ошибка в монтаже;Проверить соответствие монтажа схемам СЛ, подключение датчиков к грузовзвешивающему устройству и отсутствие обрыва в цепи подключения сигнала к КК. При наличии несоответствий - устранить.
;;Неправильно выполнена калибровка взвешивающего устройства;Выполнить калибровка согласно инструкции на грузовзвешивающее устройство
;;Неисправно взвешивающее устройство;При наличии в кабине веса, соответствующего проверяемому сигналу, проверить отсутствие напряжения +24 В в соответствующей потенциальной точке на КК. При наличии напряжения - заменить грузовзвешивающее устройство.
;;Неисправен вход КК, контролирующий сигнал веса;Проконтролировать соответствие между состоянием сигнала в меню КЦ и напряжением +24 В на входе КК, контролирующем сигнал. При несоответствии - заменить КК.
}};;;
{{;;;
0505;Ошибка сигнала «110%»;Ошибка в монтаже;Проверить соответствие монтажа схемам СЛ, подключение датчиков к грузовзвешивающему устройству и отсутствие обрыва в цепи подключения сигнала к КК. При наличии несоответствий - устранить.
;;Неправильно выполнена калибровка взвешивающего устройства;Выполнить калибровка согласно инструкции на грузовзвешивающее устройство
;;Неисправно взвешивающее устройство;При наличии в кабине веса, соответствующего проверяемому сигналу, проверить отсутствие напряжения +24 В в соответствующей потенциальной точке на КК. При наличии напряжения - заменить грузовзвешивающее устройство.
;;Неисправен вход КК, контролирующий сигнал веса;Проконтролировать соответствие между состоянием сигнала в меню КЦ и напряжением +24 В на входе КК, контролирующем сигнал. При несоответствии - заменить КК.
}};;;
{{;;;
0506;Ошибка всех сигналов контроля веса;Ошибка в монтаже;Проверить соответствие монтажа схемам СЛ, подключение датчиков к грузовзвешивающему устройству и отсутствие обрыва в цепи подключения сигнала к КК. При наличии несоответствий - устранить.
;;Неправильно выполнена калибровка взвешивающего устройства;Выполнить калибровка согласно инструкции на грузовзвешивающее устройство
;;Неисправно взвешивающее устройство;При наличии в кабине веса, соответствующего проверяемому сигналу, проверить отсутствие напряжения +24 В в соответствующей потенциальной точке на КК. При наличии напряжения - заменить грузовзвешивающее устройство.
;;Неисправен вход КК, контролирующий сигнал веса;Проконтролировать соответствие между состоянием сигнала в меню КЦ и напряжением +24 В на входе КК, контролирующем сигнал. При несоответствии - заменить КК.
}};;;
{{;;;
0601;Отсутствуют импульсы энкодера;Ошибка в монтаже;Проверить подключение энкодера к КЦ в соответствии со схемами СЛ и СЛ-УУ. При наличии несоответствий - устранить.
;;Энкодер неправильно установлен на ограничитель скорости;Исправить установку энкодера на ограничитель скорости
;;Неисправен энкодер;Выполнить пробный старт в режиме «СР», визуально проконтролировать вращение вала энкодера и изменение состояния светодиодов DA и DB на КЦ. Если мигает только один светодиод - заменить энкодер.
;;Неисправен КЦ;Во время движения проконтролировать в меню КЦ изменение координаты энкодера, если изменения нет - заменить КЦ.
}};;;
{{;;;
0602;Неверное направление подсчета импульсов энкодера;Энкодер неверно подключен к КЦ;Поменять местами подключение проводов «A» и «B» от энкодера к КЦ в СЛ-УУ
}};;;
{{;;;
0603;Превышена погрешность подсчета импульсов энкодера;Магнит ДТО на этаже сместился больше чем на половину своей длины;Проверить расположение магнита ДТО в шахте
;;Не натянут или растянут канат ограничителя скорости, во время движения канат проскальзывает в шкиве ограничителя скорости;Натянуть канат ограничителя скорости
}};;;
{{;;;
0604;Координата датчика ДТО не совпадает с данными корректировочного рейса;ПРИЧИНА1;РЕШЕНИЕ1
;;ПРИЧИНА2;РЕШЕНИЕ2
;;ПРИЧИНА3;РЕШЕНИЕ3
;;ПРИЧИНА4;РЕШЕНИЕ4
}};;;
{{;;;
0605;Координата энкодера вышла за пределы минимального значения;Неисправен энкодер;Выполнить пробный старт в режиме «СР», визуально проконтролировать вращение вала энкодера и изменение состояния светодиодов DA и DB на КЦ. Если мигает только один светодиод - заменить энкодер.
;;Неисправен КЦ;Во время движения проконтролировать в меню КЦ изменение координаты энкодера, если изменения нет - заменить КЦ.
}};;;
{{;;;
0606;Присутствует сигнал ДТО не в зоне точной остановки этажа;Ошибка в монтаже;Проверить подключение датчика к КЦ в соответствии со схемами СЛ и СЛ-УУ. При наличии несоответствий - устранить.
;;Неисправен датчик ДТО;При нахождении датчика не в зоне магнита проконтролировать в меню КЦ отсутствие сигнала. Если сигнал присутствует - заменить датчик.
;;Неисправен энкодер;Выполнить пробный старт в режиме «СР», визуально проконтролировать вращение вала энкодера и изменение состояния светодиодов DA и DB на КЦ. Если мигает только один светодиод - заменить энкодер.
;;Магнит ДТО на этаже сместился больше чем на 2 см от изначального положения;Проверить расположение магнита ДТО в шахте
;;Изменено положение магнитов или датчика;Выполнить корректировочный рейс
;;Неисправен вход КЦ, контролирующий сигнал датчика;Проконтролировать соответствие между состоянием датчика в меню КЦ и напряжением +24 В на входе КЦ, контролирующем датчик (NC контакт). При несоответствии - заменить КЦ.
}};;;
{{;;;
0607;Присутствует сигнал ДВЭ не в крайнем верхнем этаже;Ошибка в монтаже;Проверить подключение датчика к КЦ в соответствии со схемами СЛ и СЛ-УУ. При наличии несоответствий - устранить.
;;Неисправен датчик;При нахождении датчика в зоне крайнего этажа проконтролировать в меню КЦ отсутствие сигнала. Если сигнал присутствует - проверить правильность установки магнитов датчика и исправность датчика. При наличии несоответствий или неисправных устройств - устранить или заменить.
;;Неисправен энкодер;Выполнить пробный старт в режиме «СР», визуально проконтролировать вращение вала энкодера и изменение состояния светодиодов DA и DB на КЦ. Если мигает только один светодиод - заменить энкодер.
;;Изменено положение магнитов или датчика;Выполнить корректировочный рейс
;;Неисправен вход КЦ, контролирующий сигнал датчика;
}};;;
{{;;;
0608;Присутствует сигнал ДНЭ не в крайнем нижнем этаже;Ошибка в монтаже;Проверить подключение датчика к КЦ в соответствии со схемами СЛ и СЛ-УУ. При наличии несоответствий - устранить.
;;Неисправен датчик;При нахождении датчика в зоне крайнего этажа проконтролировать в меню КЦ отсутствие сигнала. Если сигнал присутствует - проверить правильность установки магнитов датчика и исправность датчика. При наличии несоответствий или неисправных устройств - устранить или заменить.
;;Неисправен энкодер;Выполнить пробный старт в режиме «СР», визуально проконтролировать вращение вала энкодера и изменение состояния светодиодов DA и DB на КЦ. Если мигает только один светодиод - заменить энкодер.
;;Изменено положение магнитов или датчика;Выполнить корректировочный рейс
;;Неисправен вход КЦ, контролирующий сигнал датчика;
}};;;
{{;;;
0609;Одновременное присутствие сигналов ДВЭ и ДНЭ;Ошибка в монтаже;Проверить подключение датчика к КЦ в соответствии со схемами СЛ и СЛ-УУ. При наличии несоответствий - устранить.
;;Неисправен один из датчиков;В зависимости от положения кабины в шахте определить датчик, сигнал которого не должен присутствовать. Далее выполнить рекомендации для ошибки 607 или 608.
;;Неисправен один из входов КЦ, контролирующих сигналы датчиков;
}};;;
{{;;;
0610;Превышение времени движения между ДТО (более 20 секунд);Ошибка в монтаже;Проверить подключение датчика к КЦ в соответствии со схемами СЛ и СЛ-УУ. При наличии несоответствий - устранить.
;;Неисправен датчик ДТО;При нахождении датчика в зоне магнита проконтролировать в меню КЦ наличие сигнала. Если сигнал отсутствует - заменить датчик.
;;Неисправен вход КЦ, контролирующий сигнал датчика;Проконтролировать соответствие между состоянием датчика в меню КЦ и напряжением +24 В на входе КЦ, контролирующем датчик (NC контакт). При несоответствии - заменить КЦ.
}};;;
{{;;;
0611;Наличие сигнала ДТО больше 5 секунд после старта;Ошибка в монтаже;Проверить подключение датчика к КЦ в соответствии со схемами СЛ и СЛ-УУ. При наличии несоответствий - устранить.
;;Неисправен датчик ДТО;При нахождении датчика в зоне магнита проконтролировать в меню КЦ наличие сигнала. Если сигнал отсутствует - заменить датчик.
;;Неисправен вход КЦ, контролирующий сигнал датчика;Проконтролировать соответствие между состоянием датчика в меню КЦ и напряжением +24 В на входе КЦ, контролирующем датчик (NC контакт). При несоответствии - заменить КЦ.
}};;;
{{;;;
0612;Отсутствует сигнал ДНЭ в крайнем нижнем этаже;Ошибка в монтаже;Проверить подключение датчика к КЦ в соответствии со схемами СЛ и СЛ-УУ. При наличии несоответствий - устранить.
;;Неисправен датчик;При нахождении датчика в зоне крайнего этажа проконтролировать в меню КЦ наличие сигнала. Если сигнал отсутствует - проверить правильность установки магнитов датчика и исправность датчика. При наличии несоответствий или неисправных устройств - устранить или заменить.
;;Неисправен энкодер;Выполнить пробный старт в режиме «СР», визуально проконтролировать вращение вала энкодера и изменение состояния светодиодов DA и DB на КЦ. Если мигает только один светодиод - заменить энкодер.
;;Изменено положение магнитов или датчика;Выполнить корректировочный рейс
;;Неисправен вход КЦ, контролирующий сигнал датчика;Проконтролировать соответствие между состоянием датчика в меню КЦ и напряжением +24 В на входе КЦ, контролирующем датчик (NC контакт). При несоответствии - заменить КЦ.
}};;;
{{;;;
0613;Отсутствует сигнал ДВЭ в крайнем верхнем этаже;Ошибка в монтаже;Проверить подключение датчика к КЦ в соответствии со схемами СЛ и СЛ-УУ. При наличии несоответствий - устранить.
;;Неисправен датчик;При нахождении датчика в зоне крайнего этажа проконтролировать в меню КЦ наличие сигнала. Если сигнал отсутствует - проверить правильность установки магнитов датчика и исправность датчика. При наличии несоответствий или неисправных устройств - устранить или заменить.
;;Неисправен энкодер;Выполнить пробный старт в режиме «СР», визуально проконтролировать вращение вала энкодера и изменение состояния светодиодов DA и DB на КЦ. Если мигает только один светодиод - заменить энкодер.
;;Изменено положение магнитов или датчика;Выполнить корректировочный рейс
;;Неисправен вход КЦ, контролирующий сигнал датчика;Проконтролировать соответствие между состоянием датчика в меню КЦ и напряжением +24 В на входе КЦ, контролирующем датчик (NC контакт). При несоответствии - заменить КЦ.
}};;;
{{;;;
0614;Отсутствует сигнал ДТО во время движения;Ошибка в монтаже;Проверить подключение датчика к КЦ в соответствии со схемами СЛ и СЛ-УУ. При наличии несоответствий - устранить.
;;Неисправен датчик ДТО;При нахождении датчика в зоне магнита проконтролировать в меню КЦ наличие сигнала. Если сигнал отсутствует - заменить датчик.
;;Неисправен вход КЦ, контролирующий сигнал датчика;Проконтролировать соответствие между состоянием датчика в меню КЦ и напряжением +24 В на входе КЦ, контролирующем датчик (NC контакт). При несоответствии - заменить КЦ.
;;Неисправен энкодер;Выполнить пробный старт в режиме «СР», визуально проконтролировать вращение вала энкодера и изменение состояния светодиодов DA и DB на КЦ. Если мигает только один светодиод - заменить энкодер.
}};;;
{{;;;
0615;Отсутствие остановки в ДТО (переезд);Неверно настроены параметры торможения в ПЧ;Настроить параметры ПЧ в соответствии с инструкцией по настройке
;;Неверно настроены параметры БС и ПС в КЦ;Скорректировать параметры БС и ПС в КЦ
}};;;
{{;;;
0622;Превышение номинальной скорости на 15%;Ошибка при задании параметра 2.1 в меню КЦ.;Задать значение параметра 2.1 соответствующее номинальной скорости лифта
}};;;
{{;;;
0701;Отсутствует сигнал КДШ при открытых дверях;Ошибка в монтаже;Проверить подключение выключателя КДШ к КЭ в соответствии со схемами СЛ-УУ. При наличии несоответствий - устранить.
;;Не отрегулировано положение выключателя КДШ;Отрегулировать положение выключателя КДШ для этажа, на котором находится кабина
;;Неисправен выключатель КДШ;При открытом состоянии дверей кабины и шахты проконтролировать в меню КЦ наличие сигнала КДШ текущего этажа. При отсутствии сигнала - заменить выключатель.
;;Неисправен вход КЭ, контролирующий сигнал КДШ;Проконтролировать соответствие между состоянием датчика в меню КЦ и напряжением +24 В на входе КЭ, контролирующем выключатель (NC контакт). При несоответствии - заменить КЭ.
}};;;
{{;;;
0702;Присутствует сигнал КДШ при закрытых дверях;Ошибка в монтаже;Проверить подключение выключателя КДШ к КЭ в соответствии со схемами СЛ-УУ. При наличии несоответствий - устранить.
;;Не отрегулировано положение выключателя КДШ;Отрегулировать положение выключателя КДШ для этажа, на котором находится кабина
;;Неисправен выключатель КДШ;При открытом состоянии дверей кабины и шахты проконтролировать в меню КЦ наличие сигнала КДШ текущего этажа. При отсутствии сигнала - заменить выключатель.
;;Неисправен вход КЭ, контролирующий сигнал КДШ;Проконтролировать соответствие между состоянием датчика в меню КЦ и напряжением +24 В на входе КЭ, контролирующем выключатель (NC контакт). При несоответствии - заменить КЭ.
}};;;
{{;;;
0703;Присутствует два или более сигнала КДШ;Ошибка в монтаже;Проверить подключение выключателей КДШ к КЭ в соответствии со схемами СЛ-УУ. При наличии несоответствий - устранить.
;;Не отрегулировано положение выключателей КДШ;Отрегулировать положение всех выключателей КДШ
;;Неисправен один из выключателей КДШ;При всех закрытых дверях шахты в меню КЦ проконтролировать отсутствие сигналов КДШ. При открытом состоянии дверей кабины и шахты проконтролировать в меню КЦ наличие одного сигнала КДШ текущего этажа. При наличии несоответствий - заменить неисправные выключатели.
;;Неисправен вход КЭ, контролирующий сигнал КДШ;Проконтролировать соответствие между состоянием датчика в меню КЦ и напряжением +24 В на входе КЭ, контролирующем выключатель (NC контакт). При несоответствии - заменить КЭ.
}};;;
{{;;;
0704;Наличие сигнала КДШ другого этажа;Ошибка в монтаже;Проверить подключение выключателей КДШ к КЭ в соответствии со схемами СЛ-УУ. При наличии несоответствий - устранить.
;;Не отрегулировано положение выключателей КДШ;Отрегулировать положение всех выключателей КДШ
;;Неисправен один из выключателей КДШ;При всех закрытых дверях шахты в меню КЦ проконтролировать отсутствие сигналов КДШ. При открытом состоянии дверей кабины и шахты проконтролировать в меню КЦ наличие одного сигнала КДШ текущего этажа. При наличии несоответствий - заменить неисправные выключатели.
;;Неисправен вход КЭ, контролирующий сигнал КДШ;Проконтролировать соответствие между состоянием датчика в меню КЦ и напряжением +24 В на входе КЭ, контролирующем выключатель (NC контакт). При несоответствии - заменить КЭ.
}};;;
{{;;;
0705;Присутствуют все сигналы КДШ;Ошибка в монтаже;Проверить подключение выключателей КДШ к КЭ в соответствии со схемами СЛ-УУ. При наличии несоответствий - устранить.
}};;;
{{;;;
0801;Залипла кнопка приказа на панели управления;Ошибка в монтаже;Проверить подключение кнопки к КПП в соответствии со схемами СЛ-УУ. При наличии несоответствий - устранить.
;;Кнопка удерживалась в нажатом состоянии более 10 секунд;Убедиться в исправности кнопки, проверить отсутствие препятствий для работы кнопки, при необходимости - заменить.
;;Неисправна кнопка;Заменить кнопку
;;Неисправен вход КПП, контролирующий состояние кнопки;Проконтролировать соответствие между состоянием кнопки в меню КЦ и напряжением +24 В на входе КПП, контролирующем кнопку (в соответствии с типом контакта). При несоответствии - заменить КПП.
}};;;
{{;;;
0802;Залипла служебная кнопка «Открыть» на панели управления;Ошибка в монтаже;Проверить подключение кнопки к КПП в соответствии со схемами СЛ-УУ. При наличии несоответствий - устранить.
;;Кнопка удерживалась в нажатом состоянии более 5 секунд;Убедиться в исправности кнопки, проверить отсутствие препятствий для работы кнопки, при необходимости - заменить.
;;Неисправна кнопка;Заменить кнопку
;;Неисправен вход КПП, контролирующий состояние кнопки;Проконтролировать соответствие между состоянием кнопки в меню КЦ и напряжением +24 В на входе КПП, контролирующем кнопку (в соответствии с типом контакта). При несоответствии - заменить КПП.
}};;;
{{;;;
0803;Залипла служебная кнопка «Закрыть» на панели управления;Ошибка в монтаже;Проверить подключение кнопки к КПП в соответствии со схемами СЛ-УУ. При наличии несоответствий - устранить.
;;Кнопка удерживалась в нажатом состоянии более 5 секунд;Убедиться в исправности кнопки, проверить отсутствие препятствий для работы кнопки, при необходимости - заменить.
;;Неисправна кнопка;Заменить кнопку
;;Неисправен вход КПП, контролирующий состояние кнопки;Проконтролировать соответствие между состоянием кнопки в меню КЦ и напряжением +24 В на входе КПП, контролирующем кнопку (в соответствии с типом контакта). При несоответствии - заменить КПП.
}};;;
{{;;;
0804;Залипла служебная кнопка «Вентилятор» на панели управления (для кнопки без фиксации);Ошибка в монтаже;Проверить подключение кнопки к КПП в соответствии со схемами СЛ-УУ. При наличии несоответствий - устранить.
;;Кнопка удерживалась в нажатом состоянии более 5 секунд;Убедиться в исправности кнопки, проверить отсутствие препятствий для работы кнопки, при необходимости - заменить.
;;Неисправна кнопка;Заменить кнопку
;;Неисправен вход КПП, контролирующий состояние кнопки;Проконтролировать соответствие между состоянием кнопки в меню КЦ и напряжением +24 В на входе КПП, контролирующем кнопку (в соответствии с типом контакта). При несоответствии - заменить КПП.
}};;;
{{;;;
0805;Залипла служебная кнопка «Отмена» на панели управления;Ошибка в монтаже;Проверить подключение кнопки к КПП в соответствии со схемами СЛ-УУ. При наличии несоответствий - устранить.
;;Кнопка удерживалась в нажатом состоянии более 20 секунд;Убедиться в исправности кнопки, проверить отсутствие препятствий для работы кнопки, при необходимости - заменить.
;;Неисправна кнопка;Заменить кнопку
;;Неисправен вход КПП, контролирующий состояние кнопки;Проконтролировать соответствие между состоянием кнопки в меню КЦ и напряжением +24 В на входе КПП, контролирующем кнопку (в соответствии с типом контакта). При несоответствии - заменить КПП.
}};;;
{{;;;
0807;Залипла кнопка вызова;Ошибка в монтаже;Проверить подключение кнопки к КЭ в соответствии со схемами СЛ-УУ. При наличии несоответствий - устранить.
;;Кнопка удерживалась в нажатом состоянии более 10 секунд;Убедиться в исправности кнопки, проверить отсутствие препятствий для работы кнопки, при необходимости - заменить.
;;Неисправна кнопка;Заменить кнопку
;;Неисправен вход КЭ, контролирующий состояние кнопки;Проконтролировать соответствие между состоянием кнопки в меню КЦ и напряжением +24 В на входе КЭ, контролирующем кнопку (в соответствии с типом контакта). При несоответствии - заменить КЭ.
}};;;
{{;;;
0904;Аккумулятор аварийного освещения разряжен;Ошибка в монтаже;Проверить цепи подключения платы ПАО к КК и правильность установки аккумулятора в плату ПАО. При наличии несоответствий - устранить.
;;Низкий уровень заряда аккумулятора;При включенном основном напряжении питания СЛ-УУ дождаться полной зарядки аккумулятора (максимальное время зарядки - 5 часов). Если по истечении максимального времени зарядки предупреждение не сбросилось - извлечь аккумулятор из платы ПАО и измерить на нем напряжение (значение должно быть в пределах от +3.5 до +4.4 В). При несоответствии напряжения - заменить аккумулятор.
;;Неисправна плата ПАО;При выключенном основном напряжении питания СЛ-УУ измерить напряжение на выходе платы (разъем XS2). Если напряжение не находится в пределах от +3.5 до +4.4 В - заменить плату ПАО.
;;Неисправен вход КК, контролирующий сигнал разряда аккумулятора;Проконтролировать соответствие между состоянием сигнала AR в меню КЦ и напряжением +24 В на входе КК, контролирующем сигнал. При несоответствии - заменить КК.
}};;;
{{;;;
0905;Отсутствует дата технического обслуживания лифта;В параметрах КЦ не установлена дата технического обслуживания лифта;В параметрах КЦ установить дата технического обслуживания лифта
}};;;
{{;;;
0906;Дата технического обслуживания лифта;Текущая календарная дата достигла значения, установленного в параметрах КЦ;Выполнить техническое обслуживание лифта. В параметрах КЦ установить новую дату технического обслуживания.
}};;;
{{;;;
0907;Присутствует сигнал ключа «Доступ в приямок» в режиме «Нормальная работа»;Ключ находится во включенном положении в режиме «Нормальная работа»;В режиме СР перевести ключ в выключенное положение
;;Неисправен ключ;Убедиться в исправности ключа, при необходимости - заменить
;;Неисправен вход КПР, контролирующий состояние ключа;Проконтролировать соответствие между состоянием ключа в меню КЦ и напряжением +24 В на входе КПР, контролирующем сигнал. При несоответствии - заменить КПР.
}};;;
{{;;;
0908;Включено шунтирование дверей в режиме «Нормальная работа»;В режиме «Нормальная работа» переключатель шунтирования дверей находится не в положении «0»;Перевести переключатель шунтирования дверей в положение «0»
;;Ошибка в монтаже;Проверить соответствие подключения переключателя шунтирования дверей схемам СЛ-УУ. При наличии несоответствий - устранить.
}};;;
{{;;;
0909;Одновременно присутствуют сигналы от двух ПКР;На обоих ПКР переключатель режима работы находится в положении «Ревизия»;Установить переключатель режима работы в положение «Ревизия» только на том ПКР, с которого планируется выполнять управление кабиной лифта
;;Ошибка в монтаже;Проверить подключение ПКР на крыше кабины к КК и ПКР в приямке к КПР в соответствии со схемами СЛ. При наличии несоответствий - устранить.
;;Неисправен один из переключателей режима работы в ПКР;Убедиться в исправности переключателя, при необходимости - заменить ПКР
;;Неисправен вход КК или КПР, контролирующий сигнал переключателя режима работы;Проконтролировать соответствие между состоянием переключателя в меню КЦ и напряжением +24 В на входах КК и КПР, контролирующих состояние переключателей. При несоответствии - заменить КК или КПР.
}};;;
{{;;;
0910;Присутствует сигнал ПКР приямка не в режиме «Сервис»;На ПКР приямка переключатель режима работы находится в положении «Ревизия»;Установить переключатель режима работы в положение «Н.РАБ»
;;Ошибка в монтаже;Проверить подключение ПКР в приямке к КПР в соответствии со схемами СЛ. При наличии несоответствий - устранить.
;;Неисправен переключатель режима работы;Убедиться в исправности переключателя, при необходимости - заменить ПКР
;;Неисправен вход КПР, контролирующий сигнал переключателя режима работы;Проконтролировать соответствие между состоянием переключателя в меню КЦ и напряжением +24 В на входе КПР, контролирующем состояние переключателя. При несоответствии - заменить КПР.
}};;;
{{;;;
0911;Присутствует сигнал ПКР кабины не в режиме «Сервис»;На ПКР кабины переключатель режима работы находится в положении «Ревизия»;Установить переключатель режима работы в положение «Н.РАБ»
;;Ошибка в монтаже;Проверить подключение ПКР на кабине к КК в соответствии со схемами СЛ. При наличии несоответствий - устранить.
;;Неисправен переключатель режима работы;Убедиться в исправности переключателя, при необходимости - заменить ПКР
;;Неисправен вход КК, контролирующий сигнал переключателя режима работы;Проконтролировать соответствие между состоянием переключателя в меню КЦ и напряжением +24 В на входе КК, контролирующем состояние переключателя. При несоответствии - заменить КК.
}};;;
{{;;;
1001;Попытка выполнить корректировочный рейс не из режима «Нормальная работа»;Лифт находится не в режиме «Нормальная работа»;Перевести лифт в режим «Нормальная работа»
}};;;
{{;;;
1002;Количество этажей не соответствует заданному в параметрах;В параметрах КЦ неверно задано количество этажей;Настроить параметр количества этажей в КЦ
;;Во время прохождения корректировочного рейса количество сигналов от выключателей КДШ не совпадает с заданным количеством этажей;Выполнить рекомендации по проверке выключателей КДШ, описанные в ошибках 701-705
;;Во время прохождения корректировочного рейса подсчитанное количество магнитов ДТО в шахте не совпадает с заданным количеством этажей;Выполнить рекомендации, описанные в ошибках 606 и 610
}};;;
{{;;;
1003;Количество дверей не соответствует заданному в параметрах;В параметрах КЦ неверно задано количество дверей;Настроить параметр количества дверей в КЦ
;;Количество сигналов от выключателей КДШ не совпадает с заданным количеством дверей;Выполнить рекомендации по проверке выключателей КДШ, описанные в ошибках 701-705
;;Для проходной кабины - неверно заданы настройки запрета открытия дверей для этажей;В меню КЦ для каждого этажа задать запрещенную сторону для открытия дверей
}};;;
{{;;;
1201;Обрыв датчика температуры ГП;Датчик температуры ГП не подключен к КЦ;Подключить датчик температуры ГП к КЦ
;;Датчик температуры ГП неверно подключен к КЦ;Проверить цепи подключения датчика температуры ГП к УУЛ и КЦ
;;Произошел обрыв датчика температуры ГП;Проверить цепи подключения датчика температуры ГП к УУЛ и КЦ
}};;;
{{;;;
1202;Короткое замыкание датчика температуры ГП;Датчик температуры ГП неверно подключен к КЦ;Проверить цепи подключения датчика температуры ГП к УУЛ и КЦ
;;В цепи датчика температуры ГП имеется короткое замыкание;Проверить цепи подключения датчика температуры ГП к УУЛ и КЦ
;;В цепи датчика температуры ГП имеются устойчивые помехи;Проверить цепи подключения датчика температуры ГП к УУЛ и КЦ
}};;;
{{;;;
1203;Температура двигателя ГП больше или равна 100 градусам;Двигатель ГП в процессе работы достиг температуры 100 градусов;Частые включения двигателя ГП
;;Датчик температуры ГП неверно подключен к КЦ;Проверить цепи подключения датчика температуры ГП к УУЛ и КЦ
;;В цепи датчика температуры ГП имеются устойчивые помехи;Проверить цепи подключения датчика температуры ГП к УУЛ и КЦ
}};;;
{{;;;
1204;Температура двигателя ГП больше или равна 115 градусам;Двигатель ГП в процессе работы достиг температуры 115 градусов;Частые включения двигателя ГП
;;Датчик температуры ГП неверно подключен к КЦ;Проверить цепи подключения датчика температуры ГП к УУЛ и КЦ
;;В цепи датчика температуры ГП имеются устойчивые помехи;Проверить цепи подключения датчика температуры ГП к УУЛ и КЦ
}};;;
{{;;;
91XX;Нет связи с устройствами в шахте по шине CAN1;Ошибка в монтаже;Проверить подключение устройств по шине CAN и отсутствие обрывов линий CAN-H и CAN_L в соответствии со схемами СЛ и СЛ-УУ. При наличии несоответствий - устранить.
;;Неверное подключение проводов CAN-H и CAN_L (перепутаны местами);Выполнить подключение в соответствии со схемами СЛ и СЛ-УУ.
;;Неверно подключены или отсутствуют терминаторы на концах шины CAN;Проверить, что на концах шины CAN установлены терминаторы (120 Ом). Сопротивление между линиями CAN-H и CAN_L должно быть в пределах 60 Ом.
;;Неисправно одно из устройств, подключенных по шине CAN (КЦ, КЭ, КПР);Проверить исправность устройств, при необходимости - заменить неисправные устройства
}};;;
{{;;;
92XX;Нет связи с устройствами кабины по шине CAN2;Ошибка в монтаже;Проверить подключение устройств по шине CAN и отсутствие обрывов линий CAN-H и CAN_L в соответствии со схемами СЛ и СЛ-УУ. При наличии несоответствий - устранить.
;;Неверное подключение проводов CAN-H и CAN_L (перепутаны местами);Выполнить подключение в соответствии со схемами СЛ и СЛ-УУ.
;;Неверно подключены или отсутствуют терминаторы на концах шины CAN;Проверить, что на концах шины CAN установлены терминаторы (120 Ом). Сопротивление между линиями CAN-H и CAN_L должно быть в пределах 60 Ом.
;;Неисправно одно из устройств, подключенных по шине CAN (КЦ, КК, КПП);Проверить исправность устройств, при необходимости - заменить неисправные устройства
}};;;
{{;;;
9F01;Ошибка зацикливания программы;Неисправность в микроконтроллере;Выключить питание СЛ-УУ. Через 5 минут включить питание. При повторном возникновении ошибки - заменить КЦ.
}};;;
{{;;;
9F02;Ошибка FRAM;Ошибка чтения/записи микросхемы FRAM;Выключить питание СЛ-УУ. Через 5 минут включить питание. При повторном возникновении ошибки - заменить КЦ.
}};;;
